emotion,valence,arousal,duration
neutral,-0.1892027027027027,-0.4934797297297297,423.0399999999999
surprise,0.037514285714285715,-0.04125714285714286,40.880000000000024
