emotion,valence,arousal,duration
neutral,-0.23016,-0.3226,20.759999999999998
anger,-0.496875,0.502375,10.0
