emotion,valence,arousal,duration
neutral,-0.11259302325581395,0.49900697674418604,80.36000000000003
joy,0.286825,0.9,20.279999999999987
