emotion,valence,arousal,duration
neutral,-0.1913,0.32134482758620686,64.52000000000001
joy,0.22634705882352943,0.7529411764705882,48.23999999999998
