emotion,valence,arousal,dominance,duration
neutral,-0.0008792207792207792,0.3712922077922078,0.2369487012987013,572.5400000000001
angry,-0.5081,0.4781,-0.05,1.5599999999999454
