emotion,valence,arousal,dominance,duration
calm,0.0,0.5,0.2449,149.07179138321996
sad,0.7,0.6,0.5,44.72153741496599
