emotion,valence,arousal,dominance,duration
neutral,-0.0015605263157894736,0.3586355263157895,0.22556578947368422,208.07999999999998
angry,-0.50815,0.47805,-0.05,18.20000000000001
